年份,国家/地区,中文校名,外文校名
2016,阿根廷,阿根廷南方大学,Universidad Austral
2016,阿根廷,阿根廷天主大学,Pontificia Universidad Católica Argentina Santa María de los Buenos Aires - UCA
2016,阿根廷,巴勒莫大学,Universidad de Palermo (UP)
2016,阿根廷,贝尔格拉诺大学,Universidad de Belgrano
2016,阿根廷,布宜诺斯艾利斯大学,Universidad de Buenos Aires
2016,阿根廷,布宜诺斯艾利斯理工学院,Instituto Tecnológico de Buenos Aires (ITBA)
2016,阿根廷,国立科尔多瓦大学,Universidad Nacional de Córdoba - UNC
2016,阿根廷,国立拉普拉塔大学,Universidad Nacional de La Plata
2016,阿根廷,国立罗萨里奥大学,Universidad Nacional de Rosario
2016,阿根廷,国立马德普拉塔大学,Universidad Nacional de Mar del Plata
2016,阿根廷,托尔夸托迪特利亚大学,Universidad Torcuato Di Tella
2016,阿拉伯联合酋长国,阿联酋大学,United Arab Emirates University
2016,阿拉伯联合酋长国,哈里发大学,Khalifa University
2016,阿拉伯联合酋长国,沙迦美国大学,American University of Sharjah
2016,埃及,艾因夏姆斯大学,Ain Shams University
2016,埃及,开罗大学,Cairo University
2016,埃及,开罗美国大学,American University in Cairo
2016,埃及,亚历山大大学,Alexandria University
2016,爱尔兰,爱尔兰皇家外科医学院,Royal College of Surgeons in Ireland
2016,爱尔兰,爱尔兰艺术设计学院,National College of Art and Design
2016,爱尔兰,都柏林城市大学,Dublin City University
2016,爱尔兰,都柏林大学学院,University College Dublin
2016,爱尔兰,都柏林理工学院,Dublin Institute of Technology
2016,爱尔兰,都柏林三一学院,Trinity College Dublin
2016,爱尔兰,国立爱尔兰大学高威分校,"National University of Ireland, Galway"
2016,爱尔兰,国立爱尔兰大学梅努斯分校,"National University of Ireland, Maynooth"
2016,爱尔兰,科克大学学院,University College Cork
2016,爱尔兰,利默里克大学,University of Limerick
2016,爱尔兰,梅努斯大学,Maynooth University
2016,爱沙尼亚共和国,爱沙尼亚生命科学大学,Estonian University of Life Sciences
2016,爱沙尼亚共和国,塔尔图大学,University of Tartu
2016,奥地利,格拉茨工业大学,Graz University of Technology
2016,奥地利,格拉茨医科大学,Medical University of Graz
2016,奥地利,卡尔·弗朗岑斯格拉茨大学,University of Graz
2016,奥地利,林茨大学,Johannes Kepler University of Linz
2016,奥地利,维也纳大学,University of Vienna
2016,奥地利,维也纳工业大学,Vienna University of Technology
2016,奥地利,维也纳经济大学,WU (Vienna University of Economics and Business)
2016,奥地利,维也纳兽医大学,University of Veterinary Medicine Vienna
2016,奥地利,维也纳医科大学,Medical University of Vienna
2016,奥地利,维也纳自然资源与应用生命科学大学,University of Natural Resources and Applied Life Sciences Vienna
2016,奥地利,因斯布鲁克大学,University of Innsbruck
2016,奥地利,因斯布鲁克医科大学,Medical University of Innsbruck
2016,澳大利亚,阿德雷德大学,University of Adelaide
2016,澳大利亚,埃迪斯科文大学,Edith Cowan University
2016,澳大利亚,澳大利亚国立大学,Australian National University
2016,澳大利亚,邦德大学,Bond University
2016,澳大利亚,查尔斯·达尔文大学,Charles Darwin University
2016,澳大利亚,迪肯大学,Deakin University
2016,澳大利亚,弗林德斯大学,Flinders University
2016,澳大利亚,格里菲思大学,Griffith University
2016,澳大利亚,皇家墨尔本理工大学,RMIT University
2016,澳大利亚,科廷科技大学,Curtin University of Technology
2016,澳大利亚,昆士兰大学,University of Queensland
2016,澳大利亚,昆士兰科技大学,Queensland University of Technology
2016,澳大利亚,拉筹伯大学,La Trobe University
2016,澳大利亚,麦考瑞大学,Macquarie University
2016,澳大利亚,莫纳什大学,Monash University
2016,澳大利亚,墨尔本大学,University of Melbourne
2016,澳大利亚,默多克大学,Murdoch University
2016,澳大利亚,南澳大学,University of South Australia
2016,澳大利亚,南十字星大学,Southern Cross University
2016,澳大利亚,纽卡斯尔大学,University of Newcastle
2016,澳大利亚,斯威本科技大学,Swinburne University of Technology
2016,澳大利亚,塔斯马尼亚大学,University of Tasmania
2016,澳大利亚,维多利亚大学,Victoria University
2016,澳大利亚,卧龙冈大学,University of Wollongong
2016,澳大利亚,西澳大利亚大学,University of Western Australia
2016,澳大利亚,西悉尼大学,Western Sydney University
2016,澳大利亚,悉尼大学,University of Sydney
2016,澳大利亚,悉尼科技大学,"University of Technology, Sydney"
2016,澳大利亚,新南威尔士大学,University of New South Wales
2016,澳大利亚,新英格兰大学,University of New England Australia
2016,澳大利亚,詹姆斯库克大学,James Cook University
2016,巴基斯坦,阿加汗大学,Aga Khan University
2016,巴基斯坦,阿里德农业大学,Arid Agriculture University
2016,巴基斯坦,巴基斯坦信息技术学院,COMSATS Institute of Information Technology
2016,巴基斯坦,费萨拉巴德农业大学,"University of Agriculture, Faisalabad"
2016,巴基斯坦,伊斯兰堡国立科技大学,National University of Sciences And Technology (NUST) Islamabad
2016,巴基斯坦,真纳大学,Quaid-i-azam University
2016,巴林,阿拉伯海湾大学,Arabian Gulf University
2016,巴西,巴拉那联邦大学,Universidade Federal do Paraná (UFPR)
2016,巴西,巴西国立理论与应用数学研究所,Instituto Nacional de Matemática Pura e Aplicada (IMPA)
2016,巴西,巴西利亚大学,Universidade de Brasilia
2016,巴西,伯南布哥州联邦大学,Universidade Federal de Pernambuco(UFPE)
2016,巴西,弗鲁米嫩塞联邦大学,Universidade Federal Fluminense
2016,巴西,坎皮纳斯州立大学,Universidade Estadual de Campinas
2016,巴西,拉夫拉斯联邦大学,Universidade Federal de Lavras
2016,巴西,里奥格兰德天主大学,Pontificia Universidade Católica do Rio Grande do Sul (PUCRS)
2016,巴西,里约热内卢联邦大学,Universidade Federal do Rio de Janeiro
2016,巴西,里约热内卢天主教大学,Pontifícia Universidade Católica do Rio de Janeiro
2016,巴西,里约热内卢州立大学,Universidade do Estado do Rio de Janeiro (UERJ)
2016,巴西,米纳斯吉拉斯联邦大学,Universidade Federal de Minas Gerais
2016,巴西,南里奥格兰德州联邦大学,Universidade Federal do Rio Grande do Sul
2016,巴西,圣保罗大学,Universidade de São Paulo
2016,巴西,圣保罗联邦大学,Universidade Federal de São Paulo (UNIFESP)
2016,巴西,圣保罗天主政治大学,Pontificia Universidade Católica de São Paulo (PUC -SP)
2016,巴西,圣保罗州立大学,São Paulo State University (UNESP)
2016,巴西,圣卡洛斯联邦大学,Universidade Federal de São Carlos - (UFSCAR)
2016,巴西,圣卡塔琳娜州联邦大学,Universidade Federal de Santa Catarina
2016,巴西,瓦加斯基金会,Fundação Getulio Vargas (FGV)
2016,巴西,维索萨联邦大学,Universidade Federal de Viçosa-UFV
2016,白俄罗斯,白俄罗斯国立大学,Belarus State University
2016,保加利亚,圣克莱门特大学,University of St. Kliment Ohridski
2016,比利时,安特卫普大学,University of Antwerp
2016,比利时,布鲁塞尔自由大学(法语),Université libre de Bruxelles (ULB)
2016,比利时,布鲁塞尔自由大学(佛兰德语),Vrije Universiteit Brussel
2016,比利时,根特大学,Ghent University
2016,比利时,列日大学,University of Liege
2016,比利时,鲁汶大学(法语),Catholic University of Louvain
2016,比利时,鲁汶大学(佛兰德语),KU Leuven
2016,冰岛,冰岛大学,University of Iceland
2016,波兰,波兰矿冶学院,AGH University of Science and Technology
2016,波兰,弗罗茨瓦夫大学,University of Wroclaw
2016,波兰,弗罗茨瓦夫工业大学,Wroclaw University of Technology
2016,波兰,华沙大学,University of Warsaw
2016,波兰,华沙理工大学,Warsaw University of Technology
2016,波兰,华沙中央农村经济学院,Warsaw University of Life Sciences
2016,波兰,克拉科夫雅盖隆大学,Jagiellonian University
2016,波兰,罗兹大学,University of Lodz
2016,丹麦,奥尔堡大学,Aalborg University
2016,丹麦,奥胡斯大学,Aarhus University
2016,丹麦,丹麦技术大学,Technical University of Denmark
2016,丹麦,哥本哈根大学,University of Copenhagen
2016,丹麦,哥本哈根商学院,Copenhagen Business School
2016,丹麦,罗斯基勒大学,Roskilde University
2016,丹麦,南丹麦大学,University of Southern Denmark
2016,德国,埃朗根-纽伦堡大学,University of Erlangen-Nuremberg
2016,德国,柏林工业大学,Technical University of Berlin
2016,德国,柏林洪堡大学,University of Berlin
2016,德国,柏林夏里特医学院,Charite - Medical University of Berlin
2016,德国,柏林自由大学,Free University of Berlin
2016,德国,拜罗伊特大学,University of Bayreuth
2016,德国,拜斯海姆管理学院,WHU - Otto Beisheim School of Management
2016,德国,比勒费尔德大学,Bielefeld University
2016,德国,波茨坦大学,University of Potsdam
2016,德国,波恩大学,University of Bonn
2016,德国,波鸿鲁尔大学,University of Bochum
2016,德国,不来梅大学,University of Bremen
2016,德国,布伦瑞克工业大学,Technical University of Braunschweig
2016,德国,达姆施塔特工业大学,Technical University of Darmstadt
2016,德国,德累斯顿工业大学,Technical University of Dresden
2016,德国,杜塞尔多夫大学,University of Duesseldorf
2016,德国,杜伊斯堡-埃森大学,University of Duisburg-Essen
2016,德国,多特蒙德技术大学,Technical University of Dortmund
2016,德国,法兰克福大学,University of Frankfurt
2016,德国,弗莱堡大学,University of Freiburg
2016,德国,哥廷根大学,University of Goettingen
2016,德国,格赖夫斯瓦尔德大学,University of Greifswald
2016,德国,哈雷-维滕贝格大学,Martin-Luther-Universität Halle-Wittenberg
2016,德国,海德堡大学,Heidelberg University
2016,德国,汉堡大学,University of Hamburg
2016,德国,汉诺威大学,University of Hannover
2016,德国,汉诺威医学院,Hannover Medical School
2016,德国,霍恩海姆大学,University of Hohenheim
2016,德国,基尔大学,University of Kiel
2016,德国,吉森大学,University of Giessen
2016,德国,卡尔斯鲁厄理工学院,Karlsruhe Institute of Technology (KIT)
2016,德国,凯撒斯劳滕工业大学,University of Kaiserslautern
2016,德国,康斯坦茨大学,University of Konstanz
2016,德国,科隆大学,University of Cologne
2016,德国,莱比锡大学,University of Leipzig
2016,德国,雷根斯堡大学,University of Regensburg
2016,德国,罗斯托克大学,University of Rostock
2016,德国,马尔堡大学,University of Marburg
2016,德国,曼海姆大学,University of Mannheim
2016,德国,美因茨大学,University of Mainz
2016,德国,明斯特大学,University of Muenster
2016,德国,慕尼黑大学,University of Munich
2016,德国,慕尼黑工业大学,Technical University of Munich
2016,德国,萨尔大学,Saarland University
2016,德国,斯图加特大学,University of Stuttgart
2016,德国,图宾根大学,University of Tuebingen
2016,德国,维尔茨堡大学,University of Wuerzburg
2016,德国,乌尔姆大学,University of Ulm
2016,德国,亚琛工业大学,RWTH Aachen University
2016,德国,耶拿大学,University of Jena
2016,俄罗斯,高等经济学院,Higher School of Economics (HSE)
2016,俄罗斯,国家研究托木斯克理工大学,National Research Tomsk Polytechnic University
2016,俄罗斯,国立托木斯克大学,Tomsk State University
2016,俄罗斯,喀山联邦大学,Kazan Federal University
2016,俄罗斯,莫斯科国立大学,Lomonosov Moscow State University
2016,俄罗斯,莫斯科国立国际关系学院,Moscow State Institute of International Relations (MGIMO University)
2016,俄罗斯,莫斯科国立科技大学,Bauman Moscow State Technical University
2016,俄罗斯,莫斯科国立物理与科技大学,Moscow Institute of Physics and Technology State University
2016,俄罗斯,莫斯科核子研究大学,National Research Nuclear University MEPhI (Moscow Engineering Physics Institute)
2016,俄罗斯,圣彼得堡国立大学,Saint Petersburg State University
2016,俄罗斯,圣彼得堡理工大学,Peter the Great Saint-Petersburg Polytechnic University
2016,俄罗斯,新西伯利亚国立大学,Novosibirsk State University
2016,俄罗斯,新西伯利亚国立技术大学,Novosibirsk State Technical University
2016,法国,埃塞克商学院,ESSEC Business School
2016,法国,艾克斯-马赛大学,Aix-Marseille University
2016,法国,奥弗涅大学,University of Auvergne
2016,法国,巴黎第二大学,Université Panthéon-Assas (Paris 2)
2016,法国,巴黎第九大学,Paris Dauphine University (Paris 9)
2016,法国,巴黎第六大学,Pierre and Marie Curie University - Paris 6
2016,法国,巴黎第七大学,University Paris Diderot - Paris 7
2016,法国,巴黎第三大学,Université Sorbonne Nouvelle Paris 3
2016,法国,巴黎第十大学,Université Paris Ouest Nanterre La Défense
2016,法国,巴黎第十三大学,Université Paris 13 Nord
2016,法国,巴黎第十一大学,University of Paris-Sud (Paris 11)
2016,法国,巴黎第四大学,Université Paris-Sorbonne (Paris IV)
2016,法国,巴黎第五大学,University of Paris Descartes (Paris 5)
2016,法国,巴黎第一大学,Université Paris 1 Panthéon-Sorbonne
2016,法国,巴黎高等电信学院,TELECOM ParisTech
2016,法国,巴黎高等矿业学校,MINES ParisTech
2016,法国,巴黎高等农艺科学学院,"Agro, ParisTech"
2016,法国,巴黎高等商学院,HEC Paris School of Management
2016,法国,巴黎高等师范学校,Ecole Normale Superieure - Paris
2016,法国,巴黎高科工程技术学校,"Arts et Métiers, ParisTech"
2016,法国,巴黎工业物理化学学校,ESPCI ParisTech
2016,法国,巴黎国家高等工业设计学院,"Ecole Nationale Supérieure de Création Industrielle, ENSCI Les Ateliers"
2016,法国,巴黎路桥学院,Ecole des Ponts ParisTech
2016,法国,巴黎政治学院,Sciences Po Paris
2016,法国,巴黎中央理工学院,Ecole Centrale de Paris
2016,法国,巴黎综合理工学院,Ecole Polytechnique
2016,法国,波尔多大学,University of Bordeaux
2016,法国,法国国立园艺学院,Agrocampus Ouest
2016,法国,高等电力学院,École Supérieure d'Électricité
2016,法国,格勒诺布尔第一大学,Joseph Fourier University (Grenoble 1)
2016,法国,格勒诺布尔高等商学院,Grenoble Graduate School of Business
2016,法国,格勒诺布尔理工学院,Institut polytechnique de Grenoble - Grenoble Institute of Technology
2016,法国,贡比涅技术大学,Université de Technologie de Compiègne (UTC)
2016,法国,国立蒙彼利埃高等农艺学院,"Sup Agro, Montpellier"
2016,法国,卡尚高等师范学院,Ecole Normale Supérieure de Cachan
2016,法国,雷恩第一大学,University of Rennes 1
2016,法国,里昂第二大学,Université Lumière Lyon 2
2016,法国,里昂第一大学,Claude Bernard University Lyon 1
2016,法国,里昂高等师范学校,Ecole Normale Superieure - Lyon
2016,法国,里昂商学院,EMLYON Business School
2016,法国,里昂应用科学学院,National Institute of Applied Sciences of Lyon (INSA Lyon)
2016,法国,里昂中央理工学院,Ecole Centrale de Lyon
2016,法国,里尔第二大学,Lille 2 University – Health and Law
2016,法国,里尔第三大学,Université Charles-de-Gaulle Lille 3
2016,法国,里尔第一大学,"Université Lille 1, Sciences et Technologies"
2016,法国,洛林大学,University of Lorraine
2016,法国,蒙彼利埃大学,University of Montpellier
2016,法国,蒙彼利埃第二大学,Université Montpellier 2 Sciences et Techniques
2016,法国,蒙彼利埃高等化学学院,"ENSCM, Chimie Montpellier"
2016,法国,南特大学,University of Nantes
2016,法国,南特中央理工学院,Ecole Centrale de Nantes
2016,法国,尼斯大学,University of Nice Sophia Antipolis
2016,法国,欧洲工商管理学院,INSEAD
2016,法国,欧洲商学院,ESCP Europe
2016,法国,萨瓦大学,Université de Savoie
2016,法国,斯特拉斯堡大学,University of Strasbourg
2016,法国,图卢兹第三大学,Paul Sabatier University (Toulouse 3)
2016,法国,图卢兹第一大学,Toulouse 1 Capitole University
2016,法国,图卢兹经济学院,Toulouse School of Economics
2016,菲律宾,德拉萨大学,De La Salle University
2016,菲律宾,菲律宾大学,University of the Philippines
2016,菲律宾,马尼拉雅典耀大学,Ateneo de Manila University
2016,芬兰,阿尔托大学,Aalto University
2016,芬兰,埃博学术大学,Abo Akademi University
2016,芬兰,奥卢大学,University of Oulu
2016,芬兰,东芬兰大学,University of Eastern Finland
2016,芬兰,赫尔辛基大学,University of Helsinki
2016,芬兰,坦佩雷大学,University of Tampere
2016,芬兰,坦佩雷理工大学,Tampere University of Technology
2016,芬兰,图尔库大学,University of Turku
2016,芬兰,于韦斯屈莱大学,University of Jyvaskyla
2016,哥伦比亚,安第斯大学,Universidad de los Andes
2016,哥伦比亚,安蒂奥基亚省大学,Universidad de Antioquia
2016,哥伦比亚,哥伦比亚对外大学,Universidad Externado de Colombia
2016,哥伦比亚,哥伦比亚国立大学,Universidad Nacional de Colombia
2016,哥伦比亚,哈韦里安纳主教大学,Pontificia Universidad Javeriana
2016,哥伦比亚,拉萨瓦纳大学,Universidad de La Sabana
2016,哈萨克斯坦,法拉比国立哈萨克斯坦大学,Al-Farabi Kazakh National University
2016,哈萨克斯坦,国立欧亚大学,L.N. Gumilyov Eurasian National University
2016,韩国,成均馆大学,Sungkyunkwan University
2016,韩国,东国大学,Dongguk University
2016,韩国,高丽大学,Korea University
2016,韩国,光州科技学院,Gwangju Institute of Science and Technology
2016,韩国,国立釜山大学,Pusan National University
2016,韩国,国立庆尚大学,Gyeongsang National University
2016,韩国,国立全北大学,Chonbuk National University
2016,韩国,国立全南大学,Chonnam National University
2016,韩国,国立忠南大学,Chungnam National University
2016,韩国,韩国科学技术院,Korea Advanced Institute of Science and Technology
2016,韩国,韩国岭南大学,Yeungnam University
2016,韩国,韩国天主教大学,Catholic University of Korea
2016,韩国,韩国外国语大学,Hankuk (Korea) University of Foreign Studies
2016,韩国,韩国中央大学,Chung-Ang University(CAU)
2016,韩国,汉阳大学,Hanyang University
2016,韩国,弘益大学,Hongik University
2016,韩国,梨花女子大学,Ewha Womans University
2016,韩国,浦项理工大学,Pohang University of Science and Technology
2016,韩国,庆北国立大学,Kyungpook National University
2016,韩国,庆熙大学,Kyung Hee University
2016,韩国,仁荷大学,Inha University
2016,韩国,首尔大学,University of Seoul
2016,韩国,首尔国立大学,Seoul National University
2016,韩国,蔚山大学,University of Ulsan
2016,韩国,西江大学,Sogang University
2016,韩国,亚洲大学,Ajou University
2016,韩国,延世大学,Yonsei University
2016,荷兰,阿姆斯特丹大学,University of Amsterdam
2016,荷兰,阿姆斯特丹自由大学,VU University Amsterdam
2016,荷兰,埃因霍温工业大学,Eindhoven University of Technology
2016,荷兰,爱因霍芬设计学院,Design Academy Eindhoven
2016,荷兰,代尔夫特理工大学,Delft University of Technology
2016,荷兰,蒂尔堡大学,Tilburg University
2016,荷兰,格罗宁根大学,University of Groningen
2016,荷兰,荷兰皇家美术学院,"Royal Academy of Art, The Hague (KABK)"
2016,荷兰,莱顿大学,Leiden University
2016,荷兰,马斯特里赫特大学,Maastricht University
2016,荷兰,奈梅亨大学,Radboud University Nijmegen
2016,荷兰,特文特大学,University of Twente
2016,荷兰,瓦格宁根大学,Wageningen University and Research Center
2016,荷兰,乌得勒支大学,Utrecht University
2016,荷兰,伊拉斯姆斯大学鹿特丹管理学院,"Rotterdam School of Management, Erasmus University"
2016,荷兰,伊拉兹马斯大学,Erasmus University Rotterdam
2016,加拿大,阿尔伯塔大学,University of Alberta
2016,加拿大,艾米丽卡尔艺术设计大学,Emily Carr University of Art + Design
2016,加拿大,达尔豪斯大学,Dalhousie University
2016,加拿大,多伦多大学,University of Toronto
2016,加拿大,圭尔夫大学,University of Guelph
2016,加拿大,滑铁卢大学,University of Waterloo
2016,加拿大,皇后大学,Queen's University
2016,加拿大,卡尔顿大学,Carleton University
2016,加拿大,卡尔加里大学,University of Calgary
2016,加拿大,魁北克大学,Université du Québec
2016,加拿大,魁北克大学蒙特利尔分校,Université du Québec à Montréal
2016,加拿大,拉瓦尔大学,Laval University
2016,加拿大,马尼托巴大学,University of Manitoba
2016,加拿大,麦吉尔大学,McGill University
2016,加拿大,麦克马斯特大学,McMaster University
2016,加拿大,蒙特利尔大学,University of Montreal
2016,加拿大,纽芬兰纪念大学,Memorial University of Newfoundland
2016,加拿大,萨斯喀彻温大学,University of Saskatchewan
2016,加拿大,舍布鲁克大学,Université de Sherbrooke
2016,加拿大,维多利亚大学,University of Victoria
2016,加拿大,渥太华大学,University of Ottawa
2016,加拿大,西安大略大学,University of Western Ontario
2016,加拿大,西蒙弗雷泽大学,Simon Fraser University
2016,加拿大,协和大学（加拿大）,Concordia University
2016,加拿大,英属哥伦比亚大学,University of British Columbia
2016,加拿大,约克大学(加拿大),York University
2016,捷克共和国,奥斯特拉瓦技术大学,VŠB - Technical University of Ostrava
2016,捷克共和国,布尔诺科技大学,Brno University of Technology
2016,捷克共和国,布拉格查尔斯大学,Charles University in Prague
2016,捷克共和国,布拉格科技大学,Czech Technical University in Prague
2016,捷克共和国,捷克科学院,Academy of Sciences of the Czech Republic
2016,捷克共和国,捷克美术学院,Academy of Fine Arts
2016,捷克共和国,帕拉茨基大学,Palacky University Olomouc
2016,卡塔尔,卡塔尔大学,Qatar University
2016,克罗地亚共和国,萨格勒布大学,University of Zagreb
2016,肯尼亚,内罗毕大学,University of Nairobi
2016,黎巴嫩,贝鲁特美国大学,American University of Beirut (AUB)
2016,立陶宛,维尔纽斯大学,Vilnius University
2016,立陶宛,维尔纽斯科技大学,Vilnius Gediminas Technical University
2016,卢森堡,卢森堡大学,University of Luxembourg
2016,罗马尼亚,贝碧思鲍耶大学,Babes-Bolyai University
2016,罗马尼亚,布加勒斯特大学,University of Bucharest
2016,罗马尼亚,西蒂米什瓦拉大学,Universitatea de Vest din Timisoara / West University of Timisoara
2016,罗马尼亚,亚历山德鲁·库扎大学,Alexandru Ioan Cuza University
2016,马来西亚,多媒体大学,Multimedia University (MMU)
2016,马来西亚,马来西亚北方大学,Universiti Utara Malaysia (UUM)
2016,马来西亚,马来西亚博特拉大学,Universiti Putra Malaysia (UPM)
2016,马来西亚,马来西亚国民大学,Universiti Kebangsaan Malaysia (UKM)
2016,马来西亚,马来西亚侯赛因大学,Universiti Tun Hussein Onn Malaysia (UTHM)
2016,马来西亚,马来西亚科技大学,Universiti Sains Malaysia (USM)
2016,马来西亚,马来西亚理工大学,Universiti Teknologi Malaysia
2016,马来西亚,马来西亚理科大学,"University of Science, Malaysia"
2016,马来西亚,马来西亚石油大学,Universiti Teknologi Petronas (Petronas)
2016,马来西亚,马来亚大学,Universiti Malaya
2016,马来西亚,玛拉科技大学,Universiti Teknologi MARA - UiTM
2016,美国,阿肯色大学-菲耶特维勒,University of Arkansas at Fayetteville
2016,美国,阿肯色大学-小石城,University of Arkansas at Little Rock
2016,美国,阿拉巴马大学,University of Alabama--Tuscaloosa
2016,美国,阿拉巴马大学-伯明翰,University of Alabama at Birmingham
2016,美国,阿拉斯加大学-费尔班克斯,University of Alaska - Fairbanks
2016,美国,埃莫里大学,Emory University
2016,美国,爱达荷大学,University of Idaho
2016,美国,爱荷华大学,University of Iowa
2016,美国,爱荷华州立大学,Iowa State University
2016,美国,奥本大学,Auburn University
2016,美国,北卡罗来纳大学教堂山分校,University of North Carolina at Chapel Hill
2016,美国,北卡罗来纳州立大学-罗利,North Carolina State University - Raleigh
2016,美国,北伊利诺伊大学,Northern Illinois University
2016,美国,贝勒大学,Baylor University
2016,美国,贝勒医学院,Baylor College of Medicine
2016,美国,宾夕法尼亚大学,University of Pennsylvania
2016,美国,宾夕法尼亚州立大学-大学城,Pennsylvania State University - University Park
2016,美国,波士顿大学,Boston University
2016,美国,波士顿学院,Boston College
2016,美国,布兰迪斯大学,Brandeis University
2016,美国,布朗大学,Brown University
2016,美国,达特茅斯学院,Dartmouth College
2016,美国,德克萨斯大学阿灵顿分校,University of Texas--Arlington
2016,美国,德克萨斯大学安德森肿瘤中心,University of Texas M. D. Anderson Cancer Center
2016,美国,德克萨斯大学奥斯汀分校,University of Texas at Austin
2016,美国,德克萨斯大学达拉斯分校,University of Texas at Dallas
2016,美国,德克萨斯大学圣安东尼奥分校,University of Texas at San Antonio
2016,美国,德克萨斯大学卫生科学中心-圣安东尼奥,University of Texas Health Science Center at San Antonio
2016,美国,德克萨斯大学卫生科学中心-休斯顿,University of Texas Health Science Center at Houston
2016,美国,德克萨斯大学西南医学中心,University of Texas Southwestern Medical Center at Dallas
2016,美国,德克萨斯大学医学部-加尔维斯顿,University of Texas Medical Branch at Galveston
2016,美国,德克萨斯理工大学,Texas Tech University
2016,美国,德雷塞尔大学,Drexel University
2016,美国,德州农工大学,Texas A&M University
2016,美国,东北大学(美国),Northeastern University
2016,美国,杜克大学,Duke University
2016,美国,杜兰大学,Tulane University
2016,美国,俄亥俄大学,Ohio University
2016,美国,俄亥俄州立大学-哥伦布,Ohio State University - Columbus
2016,美国,俄克拉荷马大学-诺曼,University of Oklahoma - Norman
2016,美国,俄克拉荷马州立大学,Oklahoma State University
2016,美国,俄勒冈大学,University of Oregon
2016,美国,俄勒冈卫生科学大学,Oregon Health and Science University
2016,美国,俄勒冈州立大学,Oregon State University
2016,美国,范德堡大学,Vanderbilt University
2016,美国,佛罗里达大学,University of Florida
2016,美国,佛罗里达国际大学,Florida International University
2016,美国,佛罗里达州立大学,Florida State University
2016,美国,佛蒙特大学,University of Vermont
2016,美国,弗吉尼亚大学,University of Virginia
2016,美国,弗吉尼亚理工学院,Virginia Polytechnic Institute and State University
2016,美国,弗吉尼亚联邦(州立)大学,Virginia Commonwealth University
2016,美国,福坦莫大学,Fordham University
2016,美国,哥伦比亚大学,Columbia University
2016,美国,哈佛大学,Harvard University
2016,美国,华盛顿大学,University of Washington
2016,美国,华盛顿大学-圣路易斯,Washington University in St. Louis
2016,美国,华盛顿州立大学-普尔曼,Washington State University
2016,美国,怀俄明大学,University of Wyoming
2016,美国,霍华德大学,Howard University
2016,美国,加州大学-伯克利,"University of California, Berkeley"
2016,美国,加州大学-戴维斯,"University of California, Davis"
2016,美国,加州大学-尔湾分校,"University of California, Irvine"
2016,美国,加州大学河滨分校,"University of California, Riverside"
2016,美国,加州大学旧金山分校,"University of California, San Francisco"
2016,美国,加州大学-洛杉矶,"University of California, Los Angeles"
2016,美国,加州大学-圣地亚哥,"University of California, San Diego"
2016,美国,加州大学-圣克鲁兹,"University of California, Santa Cruz"
2016,美国,加州大学-圣塔芭芭拉,"University of California, Santa Barbara"
2016,美国,加州理工学院,California Institute of Technology
2016,美国,加州设计艺术中心学院,Art Center College of Design
2016,美国,加州艺术学院,California College of the Arts
2016,美国,加州艺术学院,California Institute of the Arts
2016,美国,旧金山大学,University of San Francisco
2016,美国,卡内基梅隆大学,Carnegie Mellon University
2016,美国,凯斯西储大学,Case Western Reserve University
2016,美国,堪萨斯大学,University of Kansas
2016,美国,堪萨斯州立大学,Kansas State University
2016,美国,康乃尔大学,Cornell University
2016,美国,康涅狄格大学,University of Connecticut
2016,美国,科罗拉多大学-玻尔得,University of Colorado at Boulder
2016,美国,科罗拉多大学-丹佛,University of Colorado at Denver
2016,美国,科罗拉多矿业学院,Colorado School of Mines
2016,美国,科罗拉多州立大学,Colorado State University
2016,美国,克拉克大学,Clark University
2016,美国,克莱姆森大学,Clemson University
2016,美国,克兰布鲁克艺术学院,Cranbrook Academy of Art
2016,美国,肯塔基大学,University of Kentucky
2016,美国,拉什大学,Rush University
2016,美国,莱斯大学,Rice University
2016,美国,里海大学,Lehigh University
2016,美国,路易斯安娜州立大学-巴吞鲁日,Louisiana State University - Baton Rouge
2016,美国,路易维尔大学,University of Louisville
2016,美国,伦斯勒理工学院,Rensselaer Polytechnic Institute
2016,美国,罗德岛大学,University of Rhode Island
2016,美国,罗德岛设计学院,Rhode Island School of Design (RISD)
2016,美国,罗格斯，新泽西州立大学，新布朗思威克分校,"Rutgers, The State University of New Jersey - New Brunswick"
2016,美国,"罗格斯新泽西州州立大学,纽瓦克","Rutgers - The State University of New Jersey, Newark"
2016,美国,罗切斯特大学,University of Rochester
2016,美国,洛克菲勒大学,Rockefeller University
2016,美国,麻省理工学院,Massachusetts Institute of Technology
2016,美国,马里兰大学-巴尔的摩,"University of Maryland, Baltimore"
2016,美国,马里兰大学-巴尔的摩县,"University of Maryland, Baltimore County"
2016,美国,马里兰大学-大学城,"University of Maryland, College Park"
2016,美国,马萨诸塞大学阿默斯特分校,University of Massachusetts Amherst
2016,美国,马萨诸塞大学医学院伍斯特分校,University of Massachusetts Medical School - Worcester
2016,美国,迈阿密大学,University of Miami
2016,美国,迈阿密大学（俄亥俄）,Miami University
2016,美国,梅奥临床医学院,Mayo Medical School
2016,美国,美国大学,American University
2016,美国,蒙大拿大学-密索拉,University of Montana - Missoula
2016,美国,密苏里大学-哥伦比亚,University of Missouri - Columbia
2016,美国,密西西比大学,University of Mississippi
2016,美国,密歇根大学安娜堡分校,University of Michigan-Ann Arbor
2016,美国,密歇根理工大学,Michigan Technological University
2016,美国,密歇根州立大学,Michigan State University
2016,美国,明尼苏达大学-双城,"University of Minnesota, Twin Cities"
2016,美国,内布拉斯加大学-林肯,University of Nebraska - Lincoln
2016,美国,内布拉斯加大学医学中心,University of Nebraska Medical Center
2016,美国,南达科他大学,University of South Dakota
2016,美国,南方卫理公会大学,Southern Methodist University
2016,美国,南佛罗里达大学,University of South Florida
2016,美国,南加州大学,University of Southern California
2016,美国,南卡罗来纳大学-哥伦比亚,University of South Carolina - Columbia
2016,美国,南卡罗来纳医科大学,Medical University of South Carolina
2016,美国,纽约城市大学-城市学院,City University of New York City College
2016,美国,纽约大学,New York University
2016,美国,纽约州立大学阿尔巴尼分校,State University of New York Albany
2016,美国,纽约州立大学宾汉姆顿分校,"Binghamton University, State University of New York"
2016,美国,纽约州立大学-石溪,Stony Brook University
2016,美国,纽约州立大学水牛城分校,"University at Buffalo, the State University of New York"
2016,美国,纽约州立大学卫生科学中心-布鲁克林,State University of New York Health Science Center at Brooklyn
2016,美国,匹兹堡大学,"University of Pittsburgh, Pittsburgh Campus"
2016,美国,普渡大学-西拉法叶,Purdue University - West Lafayette
2016,美国,普拉特学院,Pratt Institute
2016,美国,普林斯顿大学,Princeton University
2016,美国,乔治城大学,Georgetown University
2016,美国,乔治华盛顿大学,George Washington University
2016,美国,乔治梅森大学,George Mason University
2016,美国,萨凡纳艺术设计学院,Savannah College of Art and Design
2016,美国,圣地亚哥州立大学,San Diego State University
2016,美国,圣路易斯大学,Saint Louis University
2016,美国,圣母玛利亚大学,University of Notre Dame
2016,美国,斯坦福大学,Stanford University
2016,美国,塔夫茨大学,Tufts University
2016,美国,坦普尔大学,Temple University
2016,美国,特拉华大学,University of Delaware
2016,美国,田纳西大学-诺克斯维尔,University of Tennessee - Knoxville
2016,美国,托马斯杰斐逊大学,Thomas Jefferson University
2016,美国,威廉玛丽学院,College of William & Mary
2016,美国,威斯康辛大学-麦迪逊,University of Wisconsin - Madison
2016,美国,威斯康辛大学米尔沃基分校,University of Wisconsin--Milwaukee
2016,美国,威斯康辛医学院,Medical College of Wisconsin
2016,美国,韦恩州立大学,Wayne State University
2016,美国,维克森林大学,Wake Forest University
2016,美国,伍斯特理工学院,Worcester Polytechnic Institute
2016,美国,西北大学(美国),Northwestern University
2016,美国,西奈山医学院,Icahn School of Medicine at Mount Sinai
2016,美国,夏威夷大学马诺阿分校,University of Hawaii at Manoa
2016,美国,辛辛那提大学,University of Cincinnati
2016,美国,新罕布什尔大学-达勒姆,University of New Hampshire - Durham
2016,美国,新墨西哥大学-阿尔伯克基,University of New Mexico - Albuquerque
2016,美国,新学校大学,New School University
2016,美国,新学校大学帕森设计学院,Parsons School of Design at The New School
2016,美国,休斯顿大学,University of Houston
2016,美国,雪城大学,Syracuse University
2016,美国,亚利桑那大学,University of Arizona
2016,美国,亚利桑那州立大学-坦佩,Arizona State University - Temple
2016,美国,杨百翰大学-普罗沃,Brigham Young University
2016,美国,耶鲁大学,Yale University
2016,美国,叶史瓦大学,Yeshiva University
2016,美国,伊利诺伊大学香槟分校,University of Illinois at Urbana-Champaign
2016,美国,伊利诺伊科技学院,Illinois Institute of Technology
2016,美国,印第安纳大学-布鲁明顿,Indiana University Bloomington
2016,美国,印第安纳大学-印第安纳波利斯,Indiana University-Purdue University at Indianapolis
2016,美国,犹他大学,University of Utah
2016,美国,犹他州立大学,Utah State University
2016,美国,约翰霍普金斯大学,Johns Hopkins University
2016,美国,芝加哥大学,University of Chicago
2016,美国,芝加哥洛约拉大学,Loyola University Chicago
2016,美国,芝加哥伊利诺伊大学,University of Illinois at Chicago
2016,美国,芝加哥艺术学院,School of the Art Institute of Chicago (SAIC)
2016,美国,中佛罗里达大学,University of Central Florida
2016,美国,佐治亚大学,University of Georgia
2016,美国,佐治亚理工学院,Georgia Institute of Technology
2016,美国,佐治亚州立大学,Georgia State University
2016,孟加拉国,达卡大学,University of Dhaka
2016,秘鲁,秘鲁天主教大学,Pontificia Universidad Católica del Perú
2016,墨西哥,蒙特雷科技大学,Instituto Tecnológico y de Estudios Superiores de Monterrey
2016,墨西哥,墨西哥国立理工大学,Instituto Politécnico Nacional (IPN)
2016,墨西哥,墨西哥国立自治大学,Universidad Nacional Autónoma de México (UNAM)
2016,墨西哥,墨西哥自治都会大学,Universidad Autónoma Metropolitana (UAM)
2016,墨西哥,墨西哥自治理工大学,Instituto Tecnológico Autónomo de México (ITAM)
2016,墨西哥,普埃布拉自治大学,Benemérita Universidad Autónoma de Puebla
2016,墨西哥,圣路易斯波多西州立自治大学,Universidad Autónoma de San Luis de Potosí
2016,墨西哥,伊比利亚美洲大学,Universidad Iberoamericana (UIA)
2016,南非,比勒陀利亚大学,University of Pretoria
2016,南非,金山大学,University of the Witwatersrand
2016,南非,开普敦大学,University of Cape Town
2016,南非,夸祖鲁-纳塔尔大学,University of KwaZulu-Natal
2016,南非,罗德斯大学,Rhodes University
2016,南非,斯坦陵布什大学,Stellenbosch University
2016,南非,约翰内斯堡大学,University of Johannesburg
2016,挪威,奥斯陆大学,University of Oslo
2016,挪威,卑尔根大学,University of Bergen
2016,挪威,挪威科技大学,Norwegian University of Science and Technology - NTNU
2016,挪威,挪威商学院,BI Norwegian Business School
2016,挪威,挪威生命科学大学,Norwegian University of Life Sciences
2016,挪威,挪威兽医学院,Norwegian School of Veterinary Science
2016,挪威,特罗姆瑟大学-挪威北极圈大学,University of Tromsø- The Arctic University of Norway (UiT)
2016,葡萄牙,阿威罗大学,University of Aveiro
2016,葡萄牙,波尔图大学,University of Porto
2016,葡萄牙,科英布拉大学,University of Coimbra
2016,葡萄牙,里斯本大学,University of Lisbon
2016,葡萄牙,里斯本技术高等学院,Instituto Superior Técnico Lisboa
2016,葡萄牙,米尼奥大学,University of Minho
2016,葡萄牙,新星葡京大学,Universidade Nova de Lisboa
2016,日本,北海道大学,Hokkaido University
2016,日本,长崎大学,Nagasaki University
2016,日本,大阪大学,Osaka University
2016,日本,大阪市立大学,Osaka City University
2016,日本,德岛大学,The University of Tokushima
2016,日本,东北大学(日本),Tohoku University
2016,日本,东京大学,University of Tokyo
2016,日本,东京都会大学,Tokyo Metropolitan University
2016,日本,东京工业大学,Tokyo Institute of Technology
2016,日本,东京科学大学,Tokyo University of Science
2016,日本,东京农业科技大学,Tokyo University of Agriculture and Technology
2016,日本,东京药科大学,Tokyo University of Pharmacy and Life Sciences
2016,日本,东京医牙大学,Tokyo Medical and Dental University
2016,日本,冈山大学,Okayama University
2016,日本,广岛大学,Hiroshima University
2016,日本,横滨国立大学,Yokohama National University
2016,日本,金泽大学,Kanazawa University
2016,日本,京都大学,Kyoto University
2016,日本,九州大学,Kyushu University
2016,日本,名古屋大学,Nagoya University
2016,日本,奈良科技大学,Nara Institute of Science and Technology
2016,日本,千叶大学,Chiba University
2016,日本,庆应义塾大学,Keio University
2016,日本,群马大学,Gunma University
2016,日本,三重大学,Mie University
2016,日本,山口大学,Yamaguchi University
2016,日本,上智大学,Sophia University
2016,日本,神户大学,Kobe University
2016,日本,新泻大学,Niigata University
2016,日本,信州大学,Shinshu University
2016,日本,熊本大学,Kumamoto University
2016,日本,一桥大学,Hitotsubashi University
2016,日本,早稻田大学,Waseda University
2016,日本,昭和大学,Showa University
2016,日本,筑波大学,University of Tsukuba
2016,瑞典,查尔姆斯理工大学,Chalmers University of Technology
2016,瑞典,厄勒布鲁大学,Örebro University
2016,瑞典,哥德堡大学,University of Gothenburg
2016,瑞典,皇家理工学院,KTH Royal Institute of Technology
2016,瑞典,卡罗林斯卡学院,Karolinska Institute
2016,瑞典,林雪平大学,Linkoping University
2016,瑞典,隆德大学,Lund University
2016,瑞典,马尔默大学,Malmo University
2016,瑞典,瑞典国立艺术与设计学院,"Konstfack University College of Arts, Crafts and Design"
2016,瑞典,瑞典皇家美术学院,Royal University College of Fine Arts
2016,瑞典,瑞典农业科学大学,Swedish University of Agricultural Sciences
2016,瑞典,斯德哥尔摩大学,Stockholm University
2016,瑞典,斯德哥尔摩经济学院,Stockholm School of Economics
2016,瑞典,乌普萨拉大学,Uppsala University
2016,瑞典,于默奥大学,Umea University
2016,瑞士,巴塞尔大学,University of Basel
2016,瑞士,伯尔尼大学,University of Bern
2016,瑞士,弗里堡大学,University of Fribourg
2016,瑞士,卢加诺大学,USI Università della Svizzera italiana / USI University of Lugano
2016,瑞士,洛桑大学,University of Lausanne
2016,瑞士,洛桑联邦理工学院,Swiss Federal Institute of Technology Lausanne
2016,瑞士,纽沙泰尔大学,University of Neuchatel
2016,瑞士,日内瓦大学,University of Geneva
2016,瑞士,日内瓦艺术设计学院,Haute Ecole d'art et de design de Genève (HEAD)
2016,瑞士,瑞士洛桑国际管理学院,International Institute for Management Development
2016,瑞士,圣加仑大学,University of St.Gallen (HSG)
2016,瑞士,苏黎世大学,University of Zurich
2016,瑞士,苏黎世联邦理工学院,Swiss Federal Institute of Technology Zurich
2016,塞尔维亚,贝尔格莱德大学,University of Belgrade
2016,塞浦路斯,塞浦路斯大学,University of Cyprus
2016,沙特阿拉伯,阿卜杜拉国王科技大学,King Abdullah University of Science and Technology
2016,沙特阿拉伯,阿卜杜勒阿齐兹国王大学,King Abdulaziz University
2016,沙特阿拉伯,法赫德国王石油矿产大学,King Fahd University of Petroleum & Minerals
2016,沙特阿拉伯,沙特国王大学,King Saud University
2016,斯洛伐克,夸美纽斯大学,Comenius University in Bratislava
2016,斯洛文尼亚,卢布尔雅那大学,University of Ljubljana
2016,泰国,国王科技大学,King Mongkut's University of Technology Thonburi
2016,泰国,孔敬大学,Khon Kaen University
2016,泰国,玛希隆大学,Mahidol University
2016,泰国,清迈大学,Chiang Mai University
2016,泰国,宋卡王子大学,Prince of Songkla University
2016,泰国,泰国法政大学,Thammasat University
2016,泰国,泰国农业大学,Kasetsart University
2016,泰国,先皇理工学院,King Mongkut's Institute of Technology Ladkrabang
2016,泰国,亚洲理工学院,"Asian Institute of Technology, Thailand"
2016,泰国,朱拉隆功大学,Chulalongkorn University
2016,土耳其,KOC大学,Koc University
2016,土耳其,安卡拉大学,Ankara University
2016,土耳其,比尔肯大学,Bilkent University
2016,土耳其,哈斯特帕大学,Hacettepe University
2016,土耳其,海峡大学,Bogazici University
2016,土耳其,萨班哲大学,Sabanci University
2016,土耳其,伊斯坦布尔大学,Istanbul University
2016,土耳其,伊斯坦布尔理工大学,Istanbul Technical University
2016,土耳其,中东理工大学,Middle East Technical University
2016,乌干达,麦克雷雷大学,Makerere University
2016,乌克兰,国立基辅大学,Taras Shevchenko National University of Kyiv
2016,乌克兰,哈尔科夫国立大学,V. N. Karazin Kharkiv National University
2016,西班牙,阿尔卡拉大学,Universidad de Alcalá
2016,西班牙,阿利坎特大学,Universidad de Alicante
2016,西班牙,巴伦西亚大学,University of Valencia
2016,西班牙,巴塞罗那大学,University of Barcelona
2016,西班牙,巴塞罗那自治大学,Autonomous University of Barcelona
2016,西班牙,巴斯克大学,University of the Basque Country
2016,西班牙,得恩普萨大学,IE University
2016,西班牙,格拉纳达大学,University of Granada
2016,西班牙,加泰罗尼亚理工大学,Polytechnic University of Catalonia
2016,西班牙,拉萨尔大学,La Salle Universitat Ramon Llull
2016,西班牙,马德里卡洛斯三世大学,Universidad Carlos III de Madrid (UC3M)
2016,西班牙,马德里康普顿斯大学,Complutense University of Madrid
2016,西班牙,马德里理工大学,Politécnica de Madrid
2016,西班牙,马德里自治大学,Autonomous University of Madrid
2016,西班牙,纳瓦拉大学,University of Navarra
2016,西班牙,庞培法布拉大学,Pompeu Fabra University
2016,西班牙,萨拉戈萨大学,University of Zaragoza
2016,西班牙,萨拉曼卡大学,University of Salamanca
2016,西班牙,塞维利亚大学,University of Seville
2016,西班牙,圣地亚哥联合大学,University of Santiago Compostela
2016,西班牙,瓦伦西亚理工大学,Polytechnic University of Valencia
2016,西班牙,西班牙科尔多瓦大学,Universidad de Córdoba - España
2016,西班牙,依维尔基里大学,University of Rovira i Virgili
2016,希腊,爱奥尼亚大学,University of Ioannina
2016,希腊,克里特大学,University of Crete
2016,希腊,克里特科技大学,Technical University of Crete
2016,希腊,帕特雷大学,University of Patras
2016,希腊,萨洛尼卡大学,Aristotle University of Thessaloniki
2016,希腊,雅典大学,National and Kapodistrian University of Athens
2016,希腊,雅典国立科技大学,National Technical University of Athens
2016,希腊,雅典经济与商业大学,Athens University of Economics and Business
2016,新加坡,哈特福德学院,Hartford Institute
2016,新加坡,南洋理工大学,Nanyang Technological University
2016,新加坡,新加坡管理大学,Singapore Management University
2016,新加坡,新加坡国立大学,National University of Singapore
2016,新西兰,奥克兰大学,University of Auckland
2016,新西兰,奥克兰理工大学,Auckland University of Technology
2016,新西兰,奥塔哥大学,University of Otago
2016,新西兰,怀卡托大学,University of Waikato
2016,新西兰,惠灵顿维多利亚大学,Victoria University of Wellington
2016,新西兰,坎特伯雷大学,University of Canterbury
2016,新西兰,林肯大学,Lincoln University
2016,新西兰,梅西大学,Massey University
2016,匈牙利,布达佩斯大学,Corvinus University of Budapest
2016,匈牙利,布达佩斯经济技术大学,Budapest University of Technology and Economics
2016,匈牙利,德布勒森大学,University of Debrecen
2016,匈牙利,罗兰大学,Eotvos Lorand University
2016,匈牙利,佩奇大学,University of Pécs
2016,匈牙利,塞格德大学,University of Szeged
2016,匈牙利,塞梅尔魏斯大学,Semmelweis University
2016,匈牙利,中欧大学,Central European University
2016,伊朗,德黑兰大学,University of Tehran
2016,伊朗,沙力夫理工大学,Sharif University of Technology
2016,伊朗,伊朗科技大学,Iran University of Science and Technology
2016,以色列,巴依兰大学,Bar-Ilan University
2016,以色列,内盖夫本·古里安大学,Ben-Gurion University of the Negev
2016,以色列,特拉维夫大学,Tel Aviv University
2016,以色列,魏茨曼科学研究学院,Weizmann Institute of Science
2016,以色列,耶路撒冷希伯来大学,Hebrew University of Jerusalem
2016,以色列,以色列理工学院,Technion-Israel Institute of Technology
2016,意大利,艾米利亚大学,University of Modena and Reggio Emilia
2016,意大利,巴勒莫大学,University of Palermo
2016,意大利,巴里大学,University of Bari Aldo Moro
2016,意大利,巴里理工大学,Polytechnic University of Bari
2016,意大利,比萨大学,University of Pisa
2016,意大利,比萨高等师范学校,Scuola Normale Superiore - Pisa
2016,意大利,比萨圣安娜大学,Scuola Superiore Sant’Anna
2016,意大利,博科尼大学,Università Commerciale Luigi Bocconi
2016,意大利,博洛尼亚大学,University of Bologna
2016,意大利,布雷西亚大学,University of Brescia
2016,意大利,的里雅斯特大学,University of Trieste
2016,意大利,的里雅斯特国际高等研究学院,International School for Advanced Studies
2016,意大利,都灵大学,University of Turin
2016,意大利,都灵理工大学,Polytechnic University of Turin
2016,意大利,费拉拉大学,University of Ferrara
2016,意大利,佛罗伦萨大学,University of Florence
2016,意大利,卡利亚里大学,University of Cagliari
2016,意大利,卡塔尼亚大学,University of Catania
2016,意大利,罗马第二大学,University of Roma - Tor Vergata
2016,意大利,罗马第三大学,University of Rome III
2016,意大利,罗马第一大学,Sapienza University of Rome
2016,意大利,罗马国际社会科学自由大学,Luiss Guido Carli University
2016,意大利,马尔凯理工大学,Marche Polytechnic University
2016,意大利,米兰比可卡大学,University of Milan - Bicocca
2016,意大利,米兰大学,University of Milan
2016,意大利,米兰理工大学,Polytechnic University of Milan
2016,意大利,那不勒斯菲里德里克第二大学,University of Naples Federico II
2016,意大利,欧洲大学学院,European University Institute
2016,意大利,帕多瓦大学,University of Padua
2016,意大利,帕尔玛大学,University of Parma
2016,意大利,帕维亚大学,University of Pavia
2016,意大利,佩鲁贾大学,University of Perugia
2016,意大利,热那亚大学,University of Genoa
2016,意大利,萨兰托大学,University of Salento
2016,意大利,圣拉斐尔大学,Vita-Salute San Raffaele University
2016,意大利,圣心天主教大学,Catholic University of the Sacred Heart
2016,意大利,特伦托大学,University of Trento
2016,意大利,威尼斯卡福斯卡里大学,Ca’ Foscari University of Venice
2016,意大利,维罗纳大学,University of Verona
2016,意大利,乌迪内大学,University of Udine
2016,意大利,乌尔比诺大学,University of Urbino Carlo Bo
2016,意大利,锡耶纳大学,University of Siena
2016,印度,安娜大学,Anna University
2016,印度,贝拿勒斯印度教大学,Banaras Hindu University
2016,印度,德里大学,University of Delhi
2016,印度,海得拉巴大学,University of Hyderabad
2016,印度,孟买塔塔基础研究学院,"Tata Institute of Fundamental Research (TIFR), Mumbai"
2016,印度,尼赫鲁大学,Jawaharlal Nehru University
2016,印度,旁遮普大学,Panjab University
2016,印度,印度管理学院-艾哈迈达巴德,Indian Institute of Management (IIM) - Ahmedabad
2016,印度,印度管理学院-班加罗尔,Indian Institute of Management (IIM) - Bangalore
2016,印度,印度管理学院-加尔各答商学院,Indian Institue of Management (IIM) - Calcutta
2016,印度,印度科学研究院,Indian Institute of Science
2016,印度,印度理工学院德里分校,Indian Institute of Technology Delhi
2016,印度,印度理工学院古瓦哈提分校,Indian Institute of Technology Guwahati (IITG)
2016,印度,印度理工学院卡哈拉格普尔分校,Indian Institute of Technology Kharagpur
2016,印度,印度理工学院坎普尔分校,Indian Institute of Technology Kanpur (IITK)
2016,印度,印度理工学院鲁尔基分校,Indian Institute of Technology Roorkee (IITR)
2016,印度,印度理工学院马德拉斯分校,Indian Institute of Technology Madras
2016,印度,印度理工学院孟买分校,Indian Institute of Technology Bombay
2016,印度,印度统计学院,Indian Statistical Institute
2016,印度,印度艺术科技研究院,Shanmugha Arts Science Technology and Research Academy (SASTRA)
2016,印度尼西亚,茂物农业大学,Bogor Agricultural University
2016,印度尼西亚,万隆理工学院,Bandung Institute of Technology (ITB)
2016,印度尼西亚,印度尼西亚大学,University of Indonesia
2016,英国,阿伯丁大学,University of Aberdeen
2016,英国,阿伯斯威大学,Aberystwyth University
2016,英国,阿尔斯特大学,Ulster University
2016,英国,阿斯顿大学,Aston University
2016,英国,埃克塞特大学,University of Exeter
2016,英国,艾塞克斯大学,University of Essex
2016,英国,爱丁堡大学,University of Edinburgh
2016,英国,巴思大学,University of Bath
2016,英国,班戈大学,Bangor University
2016,英国,贝尔法斯特女王大学,Queen's University Belfast
2016,英国,伯恩茅斯大学,Bournemouth University
2016,英国,伯明翰大学,University of Birmingham
2016,英国,布拉德福德大学,University of Bradford
2016,英国,布莱顿大学,University of Brighton
2016,英国,布里斯托尔大学,University of Bristol
2016,英国,布鲁内尔大学,Brunel University
2016,英国,邓迪大学,University of Dundee
2016,英国,东英吉利大学,University of East Anglia
2016,英国,杜伦大学,Durham University
2016,英国,格拉斯哥大学,University of Glasgow
2016,英国,格拉斯哥艺术学校,The Glasgow School of Art
2016,英国,赫尔大学,University of Hull
2016,英国,赫瑞瓦特大学,Heriot-Watt University
2016,英国,赫特福德大学,University of Hertfordshire
2016,英国,华威大学,University of Warwick
2016,英国,皇家艺术学院,Royal College of Art
2016,英国,基尔大学,Keele University
2016,英国,剑桥大学,University of Cambridge
2016,英国,金斯顿大学,"Kingston University, London"
2016,英国,卡迪夫大学,Cardiff University
2016,英国,开放大学,The Open University
2016,英国,坎特伯雷基督教会大学学院,Canterbury Christ Church University
2016,英国,克兰菲尔德大学,Cranfield University
2016,英国,肯特大学,University of Kent
2016,英国,拉夫堡大学,Loughborough University
2016,英国,莱斯特大学,University of Leicester
2016,英国,兰卡斯特大学,Lancaster University
2016,英国,雷丁大学,University of Reading
2016,英国,利物浦大学,University of Liverpool
2016,英国,利兹大学,University of Leeds
2016,英国,伦敦城市大学,City University London
2016,英国,伦敦大学伯克贝克学院,"Birkbeck, University of London"
2016,英国,伦敦大学皇家霍洛威学院,Royal Holloway University of London
2016,英国,伦敦大学皇家兽医学院,"Royal Veterinary College , University of London"
2016,英国,伦敦大学教育研究院,The UCL Institute of Education
2016,英国,伦敦大学金史密斯学院,"Goldsmiths, University of London"
2016,英国,伦敦大学玛丽女王学院,Queen Mary University of London
2016,英国,伦敦大学圣乔治学院,"St. George's, University of London"
2016,英国,伦敦大学卫生和热带医学学院,London School of Hygiene & Tropical Medicine
2016,英国,伦敦大学学院,University College London
2016,英国,伦敦大学亚非学院,"SOAS, University of London"
2016,英国,伦敦帝国学院,Imperial College London
2016,英国,伦敦国王学院,King's College London
2016,英国,伦敦商学院,London Business School
2016,英国,伦敦艺术大学,University of the Arts London
2016,英国,伦敦政治经济学院,London School of Economics and Political Science
2016,英国,罗伯特戈登大学,Robert Gordon University
2016,英国,罗汉普顿大学,"University of Roehampton, London"
2016,英国,曼彻斯特大学,University of Manchester
2016,英国,南安普敦大学,University of Southampton
2016,英国,牛津布鲁克斯大学,Oxford Brookes University
2016,英国,牛津大学,University of Oxford
2016,英国,纽卡斯尔大学-上泰恩,Newcastle University
2016,英国,诺丁汉大学,University of Nottingham
2016,英国,诺丁汉特伦特大学,Nottingham Trent University
2016,英国,朴茨茅斯大学,University of Portsmouth
2016,英国,普利茅斯大学,University of Plymouth
2016,英国,瑞文堡设计学院,Ravensbourne
2016,英国,萨里大学,University of Surrey
2016,英国,圣安德鲁斯大学,University of St Andrews
2016,英国,斯凯莱德大学,University of Strathclyde
2016,英国,斯特林大学,University of Stirling
2016,英国,斯旺西大学,Swansea University
2016,英国,苏格兰农业学院,Scottish Agricultural College (SAC)
2016,英国,苏赛克斯大学,University of Sussex
2016,英国,索尔福德大学,University of Salford
2016,英国,威斯敏斯特大学,University of Westminster
2016,英国,西英格兰大学,University of the West of England
2016,英国,谢菲尔德大学,University of Sheffield
2016,英国,约克大学(英国),University of York
2016,智利,迭戈波塔利斯大学,Universidad Diego Portales
2016,智利,康塞普西翁大学,Universidad de Concepción
2016,智利,洛斯安第斯大学（智利）,Universidad de los Andes - Chile
2016,智利,圣玛丽亚联邦理工大学,Universidad Técnica Federico Santa María (USM)
2016,智利,瓦尔帕莱索天主大学,Pontificia Universidad Católica de Valparaíso
2016,智利,智利大学,University of Chile
2016,智利,智利南方大学,Universidad Austral de Chile
2016,智利,智利圣地亚哥大学,Universidad de Santiago de Chile (USACH)
2016,智利,智利天主教大学,Pontifical Catholic University of Chile
2016,中国澳门,澳门大学,University of Macau
2016,中国台湾,长庚大学,Chang Gung University
2016,中国台湾,淡江大学,Tamkang University
2016,中国台湾,逢甲大学,Feng Chia University
2016,中国台湾,高雄医学大学,Kaohsiung Medical University
2016,中国台湾,国立交通大学,National Chung Cheng University
2016,中国台湾,国立台湾科技大学,National Taiwan University of Science and Technology (Taiwan Tech)
2016,中国台湾,国立台湾师范大学,National Taiwan Normal University
2016,中国台湾,国立政治大学,National Chengchi University
2016,中国台湾,国立中兴大学,National Chung Hsing University
2016,中国台湾,国立中央大学,National Central University
2016,中国台湾,台北科技大学,National Taipei University of Technology
2016,中国台湾,台北医科大学,Taipei Medical University
2016,中国台湾,台湾成功大学,National Cheng Kung University
2016,中国台湾,台湾大学,National Taiwan University
2016,中国台湾,台湾交通大学,National Chiao Tung University
2016,中国台湾,台湾清华大学,National Tsing Hua University
2016,中国台湾,台湾阳明大学,National Yang-Ming University
2016,中国台湾,台湾中山大学,National Sun Yat-Sen University
2016,中国台湾,天主教辅仁大学,Fu Jen Catholic University
2016,中国台湾,中国医药大学(台湾),China Medical University
2016,中国香港,岭南大学,"Lingnan University, Hong Kong"
2016,中国香港,香港城市大学,City University of Hong Kong
2016,中国香港,香港大学,The University of Hong Kong
2016,中国香港,香港教育学院,The Hong Kong Institute of Education
2016,中国香港,香港浸会大学,Hong Kong Baptist University
2016,中国香港,香港科技大学,The Hong Kong University of Science and Technology
2016,中国香港,香港理工大学,The Hong Kong Polytechnic University
2016,中国香港,香港理工大学设计学院,HK PolyU School of Design
2016,中国香港,香港中文大学,The Chinese University of Hong Kong
2017,阿根廷,圣安德烈斯大学,Universidad de San Andrés - UdeSA
2017,阿曼,苏丹卡布斯大学,Sultan Qaboos University
2017,奥地利,萨尔茨堡莫扎特大学,University Mozarteum Salzburg
2017,奥地利,维也纳音乐与表演艺术大学,University of Music and Performing Arts Vienna
2017,澳大利亚,澳大利亚天主教大学,Australian Catholic University
2017,澳大利亚,查尔斯特大学,Charles Sturt University
2017,澳大利亚,堪培拉大学,University of Canberra
2017,澳大利亚,南昆士兰大学,University of Southern Queensland
2017,澳大利亚,中央昆士兰大学,Central Queensland University
2017,巴基斯坦,拉合尔工程技术大学,University of Engineering & Technology (UET) Lahore
2017,巴基斯坦,拉合尔管理科学大学,Lahore University of Management Sciences (LUMS)
2017,巴西,ABC联邦大学,Universidade Federal do ABC (UFABC)
2017,比利时,布鲁塞尔皇家音乐学院,Conservatoire royal de Bruxelles
2017,比利时,哈塞尔特大学,Hasselt University
2017,波兰,肖邦音乐大学,The Fryderyk Chopin University of Music
2017,丹麦,奥胡斯皇家音乐学院,"Royal Academy of Music, Aarhus"
2017,丹麦,丹麦皇家建筑艺术学院,The Royal Danish Academy of Fine Arts (KADK)
2017,丹麦,丹麦皇家音乐学院,The Royal Danish Academy of Music
2017,德国,柏林艺术大学,Universität der Künste Berlin
2017,德国,柏林音乐学院,Hochschule für Musik Hanns Eisler Berlin
2017,德国,弗莱贝格工业大学,Technische Universität Bergakademie Freiberg
2017,德国,汉堡-哈尔堡工业大学,Technische Universität Hamburg-Harburg
2017,德国,汉堡音乐与戏剧学院,Hochschule für Musik und Theater Hamburg
2017,德国,科隆音乐与舞蹈学院,Hochschule für Musik und Tanz Köln
2017,德国,莱比锡音乐与戏剧学院,Hochschule für Musik und Theater Felix Mendelssohn Bartholdy Leipzig
2017,德国,慕尼黑音乐和戏剧学院,Hochschule für Musik und Theater München
2017,德国,锡根大学,University of Siegen
2017,俄罗斯,古布金俄罗斯国立石油大学,Federal state budgetary educational institution of higher vocational education «Gubkin Russian State
2017,俄罗斯,莫斯科柴可夫斯基音乐学院,Moscow P. I. Tchaikovsky Conservatory
2017,俄罗斯,莫斯科国立语言大学,Moscow State Linguistic University
2017,俄罗斯,圣彼得堡国立信息技术、机械学与光学研究型大学,ITMO University
2017,俄罗斯,圣彼得堡国立音乐学院,Rimsky-Korsakov St. Petersburg State Conservatory
2017,俄罗斯,圣彼得堡矿业大学,St.Petersburg Mining University
2017,俄罗斯,乌拉尔联邦大学,Ural Federal University
2017,法国,巴黎第十二大学,Université Paris-Est Créteil Val de Marne
2017,法国,巴黎高等戏剧艺术学院,Conservatoire national supérieur d’art dramatique de Paris (CNSAD)
2017,法国,巴黎国立高等音乐舞蹈学院,Conservatoire national supérieur de musique et de danse de Paris (CNSMDP)
2017,法国,巴黎中央理工学院—高等电力学院共同体,CentraleSupélec
2017,法国,法兰西公学院,College de France
2017,法国,凡尔赛大学,Université de Versailles Saint-Quentinen-Yvelines (UVSQ)
2017,法国,格勒诺布尔大学,Universite Grenoble Alpes (UGA)
2017,法国,里昂高等音乐与舞蹈学院,Conservatoire national supérieur de musique et de danse de Lyon
2017,法国,蒙彼利埃高等农业学院,Montpellier SupAgro
2017,法国,图尔大学,"Université François-Rabelais, Tours"
2017,法国,图卢兹第二大学,Université de Toulouse II-Le Mirail
2017,法国,图卢兹联邦大学,Federal University of Toulouse Midi-Pyrénées
2017,芬兰,拉彭兰塔理工大学,Lappeenranta University of Technology
2017,芬兰,西贝柳斯音乐学院,Sibelius Academy
2017,哥伦比亚,罗萨里奥大学,Universidad del Rosario
2017,哥斯达黎加,哥斯达黎加大学,Universidad de Costa Rica
2017,哈萨克斯坦,国立哈萨克斯坦理工大学,Kazakh National Technical University named after K.I.Satpaev
2017,韩国,韩国国立艺术大学,Korea National University of Arts
2017,韩国,韩国教员大学,Korea National University of Education
2017,韩国,世宗大学,Sejong University
2017,韩国,蔚山国立科技学院,Ulsan National Institute of Science & Technology
2017,荷兰,乌得勒支艺术学院,Utrecht School of the Arts
2017,捷克共和国,布拉格表演艺术学院,Academy of Performing Arts in Prague
2017,捷克共和国,布拉格经济大学,"University of Economics, Prague"
2017,捷克共和国,马萨克里大学,Masaryk University
2017,黎巴嫩,黎巴嫩圣约瑟夫大学,Université Saint-Joseph de Beyrouth
2017,马来西亚,马来西亚国际伊斯兰大学,International Islamic University Malaysia (IIUM)
2017,马来西亚,沙巴大学,Universiti Malaysia Sabah (UMS)
2017,美国,巴布森学院,"Babson College, F.W. Olin Graduate School of Business"
2017,美国,北德克萨斯州大学,University of North Texas
2017,美国,北亚利桑那大学,Northern Arizona University
2017,美国,丹佛大学,University of Denver
2017,美国,柯蒂斯音乐学院,Curtis Institute of Music
2017,美国,肯特州立大学,Kent State University at Kent
2017,美国,马里兰艺术学院,Maryland Institute College of Art
2017,美国,马萨诸塞大学波士顿分校,University of Massachusetts - Boston
2017,美国,纽约视觉艺术学院,School of Visual Arts (SVA)
2017,美国,纽约州立大学波切斯分校,Purchase College SUNY
2017,美国,史蒂文斯理工学院,Stevens Institute of Technology
2017,美国,西弗吉尼亚大学,West Virginia University
2017,美国,新墨西哥州立大学,New Mexico State University
2017,美国,茱莉亚学院,The Juilliard School
2017,秘鲁,卡耶塔诺-埃雷迪亚大学,Universidad Peruana Cayetano Heredia (UPCH)
2017,墨西哥,瓜达拉哈拉大学,Universidad de Guadalajara (UDG)
2017,南非,西开普大学,University of the Western Cape
2017,日本,丰田工业大学,Toyota Technological Institute
2017,日本,横滨市立大学,Yokohama City University
2017,瑞典,吕勒奥大学,Lulea University
2017,瑞典,斯德哥尔摩皇家音乐学院,Royal College of Music in Stockholm (KMH)
2017,瑞士,日内瓦音乐学院,Conservatoire de Musique de Genève
2017,瑞士,苏黎世艺术大学,Zurich University of the Arts (ZHdK)
2017,塞浦路斯,塞浦路斯理工大学,Cyprus University of Technology
2017,斯洛伐克,斯洛伐克工业大学,Slovak University of Technology in Bratislava
2017,土耳其,安提里姆大学,Atilim University
2017,乌克兰,基辅柴可夫斯基音乐学院,Tchaikovsky National Academy of Music (Kiev Conservatory)
2017,西班牙,奥维耶多大学,University of Oviedo
2017,西班牙,加泰罗尼亚高等音乐学院,Escola Superior de Música de Catalunya
2017,匈牙利,李斯特音乐学院,The Liszt Academy of Music
2017,伊朗,阿米尔卡比尔理工大学 Amirkabir University of Technology,
2017,伊朗,德黑兰医科大学,Tehran University of Medical Sciences
2017,意大利,贝加莫大学,University of Bergamo
2017,意大利,博尔扎诺自由大学,Free University of Bozen-Bolzano
2017,意大利,卡拉布里亚大学,University of Calabria
2017,意大利,萨勒诺大学,University of Salerno
2017,意大利,圣塞西莉亚音乐学院,Conservatorio Santa Cecilia
2017,印度,加尔各答大学,University of Calcutta
2017,印度,贾达普大学,Jadavpur University
2017,印度,印度科学学院班加罗尔分校,Indian Institute of Science (IISc) Bangalore
2017,印度,印度矿业学院丹巴德分校,"Indian School of Mines (ISM) University, Dhanbad"
2017,印度,印度信息技术学院阿拉哈巴德校区,Indian Institute of Information Technology (IIIT) - Allahabad
2017,印度尼西亚,登巴萨艺术学院,Indonesian Institute of Arts Denpasar
2017,印度尼西亚,日惹艺术学院,Indonesia Institute of the Arts Yogyakarta
2017,印度尼西亚,苏腊卡尔塔艺术学院,Indonesia Institute of the Arts Surakarta
2017,英国,安格利亚鲁斯金大学,Anglia Ruskin University
2017,英国,皇家音乐学院,Royal College of Music
2017,英国,伦敦大学皇家音乐学校,Royal Academy of Music
2017,英国,伦敦大学演讲与戏剧学校,Central School of Speech & Drama
2017,英国,伦敦都市大学,London Metropolitan University
2017,英国,曼彻斯特城市大学,Manchester Metropolitan University
2017,英国,曼彻斯特建筑学院,Manchester School of Architecture
2017,英国,诺森比亚大学,Northumbria University at Newcastle
2017,英国,三一拉邦艺术学院,Trinity Laban Conservatoire of Music and Dance
2017,英国,市政厅音乐及戏剧学院,Guildhall School of Music and Drama
2017,英国,苏格兰皇家音乐学院,Royal Conservatoire of Scotland (Formerly Royal Scottish Academy of Music and Drama)
2017,智利,阿道夫伊瓦涅斯大学,Universidad Adolfo Ibàñez
2017,智利,迭亚戈波塔勒斯大学,Universidad Diego Portales (UDP)
2017,中国台湾,元智大学,Yuan Ze University
2017,中国香港,香港教育大学,The Education University of Hong Kong
2018,阿根廷,国立滨海大学,Universidad Nacional del Litoral
2018,爱沙尼亚,爱沙尼亚艺术学院,Estonian Academy of Arts
2018,爱沙尼亚,塔林大学,Tallinn University
2018,奥地利,维也纳美术学院,Academy of Fine Arts Vienna
2018,奥地利,维也纳应用艺术大学,University of Applied Arts Vienna
2018,巴基斯坦,卡拉奇大学,University of Karachi
2018,巴西,巴伊亚联邦大学,Universidade Federal da Bahia
2018,巴西,戈亚斯联邦大学,Universidade Federal de Goiás
2018,巴西,里约热内卢联邦农业大学,Universidade Federal Rural do Rio de Janeiro
2018,巴西,隆德里纳州立大学,Universidade Estadual de Londrina
2018,巴西,玛丽亚联邦大学,Universidade Federal de Santa Maria
2018,巴西,塞阿拉联邦大学,Universidade Federal do Ceará (UFC)
2018,巴西,乌贝兰迪亚联邦大学,Universidade Federal de Uberlândia
2018,保加利亚,索菲亚大学,Sofia University St. Kliment Ohridski
2018,比利时,蒙斯大学,University of Mons
2018,冰岛,雷克雅未克大学,Reykjavík University
2018,波兰,波兹南密茨凯维奇大学,Adam Mickiewicz University
2018,波兰,华沙经济学院,Warsaw School of Economics (SGH)
2018,丹麦,奥胡斯建筑学院,Aarhus School of Architecture
2018,丹麦,哥本哈根信息技术大学,IT University of Copenhagen
2018,丹麦,科尔丁设计学院,Design School Kolding
2018,德国,汉诺威音乐戏剧与媒体学院,"Hochschule für Musik, Theater und Medien Hannover"
2018,德国,帕绍大学,University of Passau
2018,德国,魏玛包豪斯大学,Bauhaus-Universität Weimar
2018,俄罗斯,第一莫斯科国立医科大学,The State Education Institution of Higher Professional Training The First Sechenov Moscow State Medical
2018,俄罗斯,俄罗斯国立科技大学,The National University of Science and Technology MISIS
2018,俄罗斯,俄罗斯国立人文大学,Russian State University for the Humanities
2018,俄罗斯,俄罗斯联邦政府财政大学,Financial University under the Government of the Russian Federation
2018,俄罗斯,俄罗斯门捷列夫化工大学,Mendeleyev University of Chemical Technology of Russia
2018,俄罗斯,莫斯科动力学院,National Research University Moscow Power Engineering Institute (MPEI)
2018,俄罗斯,莫斯科新经济学院,New Economic School
2018,俄罗斯,萨马拉国立研究大学,Samara National Research University (Samara University)
2018,俄罗斯,圣彼得堡国立电工技术大学,Saint-Petersburg Electrotechnical University LETI
2018,俄罗斯,下诺夫哥罗德大学,Lobachevsky University
2018,法国,巴黎文理研究大学,Paris Sciences et Lettres – PSL Research University Paris
2018,法国,布莱兹•帕斯卡大学,Blaise Pascal University
2018,法国,格勒诺布尔高等商学院,Grenoble Ecole de Management
2018,法国,国立高等化工学院,"École Nationale Supérieure des Industries Chimiques (ENSIC), Nancy"
2018,法国,里维埃拉大学,University of Côte d’Azur
2018,格鲁吉亚,第比利斯国立大学,Ivane Javakhishvili Tbilisi State University
2018,哈萨克斯坦,哈萨克国立师范大学,Kazakh National Pedagogical University named after Abay
2018,韩国,国民大学,Kookmin University
2018,韩国,翰林大学,Hallym University
2018,韩国,嘉泉医科大学,Gachon University of Medicine and Science
2018,韩国,建国大学,Konkuk University
2018,韩国,江原国立大学,Kangwon National University
2018,韩国,仁济大学,Inje University
2018,韩国,忠北国立大学,Chungbuk National University
2018,荷兰,NHTV布雷达应用科技大学,NHTV Breda University of Applied Sciences
2018,荷兰,阿姆斯特丹牙科学术中心,"Academic Centre for Dentistry Amsterdam (ACTA), Amsterdam the Netherlands"
2018,加拿大,瑞尔森大学,Ryerson University
2018,加纳,加纳大学,University of Ghana
2018,克罗地亚,斯普利特大学,University of Split
2018,罗马尼亚,布加勒斯特经济研究学院,The Bucharest University of Economic Studies
2018,罗马尼亚,布加勒斯特理工大学,University Politehnica of Bucharest
2018,罗马尼亚,布加勒斯特农业与兽医大学,University of Agricultural Sciences and Veterinary Medicine Bucharest
2018,马来西亚,国能大学,Universiti Tenaga Nasional (UNITEN)
2018,马来西亚,拉曼大学,Universiti Tunku Abdul Rahman (UTAR)
2018,马来西亚,马来西亚玻璃市大学,Universiti Malaysia Perlis
2018,马来西亚,马来西亚登嘉楼大学,Universiti Malaysia Terengganu (UMT)
2018,马来西亚,马来西亚敦胡先翁大学,Universiti Tun Hussein Onn Malaysia (UTHM)
2018,马来西亚,马来西亚彭亨大学,Universiti Malaysia Pahang
2018,马来西亚,苏丹依德利斯师范大学,Universiti Pendidikan Sultan Idris (UPSI)
2018,马来西亚,泰勒大学,Taylor's University
2018,美国,阿克伦大学,University of Akron
2018,美国,霍夫斯特拉大学,Hofstra University
2018,美国,内华达大学拉斯维加斯分校,University of Nevada - Las Vegas
2018,美国,塔尔萨大学,University of Tulsa
2018,美国,印第安纳州立大学,Indiana State University
2018,秘鲁,拉莫林国立农业大学,Universidad Nacional Agraria la Molina
2018,墨西哥,阿纳瓦克大学,Universidad Anahuac
2018,墨西哥,查平戈自治大学,Universidad Autónoma de Chapingo
2018,墨西哥,克雷塔罗自治大学,Universidad Autónoma de Querétaro (UAQ)
2018,墨西哥,蒙特雷大学,Universidad de Monterrey (UDEM)
2018,墨西哥,墨西哥州立自治大学,Universidad Autónoma del Estado de México (UAEMex)
2018,墨西哥,普埃布拉美洲大学,Universidad de las Américas Puebla (UDLAP)
2018,墨西哥,新莱昂自治大学,Universidad Autónoma de Nuevo León
2018,尼日利亚,伊巴丹大学,University of Ibadan
2018,挪威,奥斯陆国家艺术学院,Oslo National Academy of the Arts
2018,挪威,挪威经济学院,NHH Norwegian School of Economics
2018,挪威,挪威音乐学院,Norwegian Academy of Music
2018,葡萄牙,里斯本技术大学,Universidade Tecnica de Lisboa
2018,葡萄牙,葡萄牙天主教大学,Universidade Católica Portuguesa - UCP
2018,日本,北里大学,Kitasato University
2018,日本,大阪府立大学,Osaka Prefecture University
2018,日本,东海大学,Tokai University
2018,日本,国际基督教大学,International Christian University
2018,日本,近畿大学,Kindai University (Kinki University)
2018,日本,九州工业大学,Kyushu Institute of Technology
2018,日本,鹿儿岛大学,Kagoshima University
2018,日本,青山学院大学,Aoyama Gakuin University
2018,日本,日本大学,Nihon University
2018,日本,同志社大学,Doshisha University
2018,日本,武藏野大学,Musashino University
2018,瑞士,格里昂高等教育学院,Glion Institute of Higher Education
2018,瑞士,国家旅游与酒店管理学院,State Tourism and Hotel Management School (SSAT)
2018,瑞士,理诺士国际酒店管理学院,Les Roches International School of Hotel Management
2018,瑞士,洛桑酒店管理学院,Ecole hôtelière de Lausanne
2018,瑞士,瑞士国际管理学院,International Management Institute Switzerland
2018,瑞士,瑞士国际酒店旅游管理学院,HTMi - Hotel and Tourism Management Institute Switzerland
2018,瑞士,瑞士酒店管理大学,Swiss Hotel Management School
2018,瑞士,苏黎世造型与艺术学院,Hochschule für Gestaltung und Kunst Zürich
2018,塞尔维亚,诺维萨德大学,University of Novi Sad
2018,沙特阿拉伯,阿卜杜勒国王健康科学大学,King Saud bin Abdulaziz University For Health Sciences
2018,沙特阿拉伯,哈立德国王大学,King Khalid University
2018,斯洛文尼亚,马里博尔大学,University of Maribor
2018,土耳其,爱琴海大学,Ege Üniversitesi
2018,委内瑞拉,委内瑞拉中央大学,Universidad Central de Venezuela
2018,文莱,文莱达鲁萨兰大学,Universiti Brunei Darussalam (UBD)
2018,乌拉圭,共和大学,Universidad de la República (UdelaR)
2018,乌拉圭,蒙得维的亚大学,Universidad de Montevideo (UM)
2018,西班牙,艾赛德商学院,ESADE Ramon Llull University
2018,西班牙,得恩普萨商学院,IE Business School
2018,西班牙,海梅一世大学,Universitat Jaume I
2018,西班牙,胡安卡洛斯国王大学,Universidad Rey Juan Carlos
2018,伊朗,巴伯勒理工大学,Babol Noshirvani University of Technology
2018,伊朗,大不里士医科大学,Tabriz University of Medical Sciences
2018,伊朗,马什哈德医科大学,Mashhad University of Medical Sciences
2018,伊朗,沙希德贝赫什迪大学,Shahid Beheshti University (SBU)
2018,伊朗,设拉子医科大学,Shiraz University of Medical Sciences
2018,伊朗,伊斯兰阿扎德大学,Islamic Azad University
2018,以色列,海法大学,University of Haifa
2018,意大利,罗马美术学院,Accademia Belle Arti Roma
2018,意大利,威尼斯建筑大学,Universita' IUAV di Venezia
2018,印度,国立理工学院蒂魯吉拉帕利分校,National Institute of Technology Tiruchirappalli
2018,印度,马德拉斯大学,University of Madras
2018,印度,麦里普高等教育研究院,Manipal Academy of Higher Education
2018,印度,孟买大学,University of Mumbai
2018,印度,浦那大学,Savitribai Phule Pune University
2018,印度,印度国立设计学院,"National Institute of Design, India"
2018,印度,印度理工学院丹巴德校区（印度矿业学院）,"INDIAN INSTITUTE OF TECHNOLOGY (INDIAN SCHOOL OF MINES), DHANBAD"
2018,印度,印度商学院,Indian School of Business
2018,印度尼西亚,加查马达大学,Gadjah Mada University
2018,英国,爱丁堡艺术学院,Edinburgh College of Art (ECA)
2018,英国,布莱顿与苏赛克斯医学院,Brighton and Sussex Medical School
2018,英国,创意艺术大学,University for the Creative Arts
2018,英国,法尔茅斯艺术学院,Falmouth College of Arts University College Falmouth
2018,英国,哈德斯菲尔德大学,University of Huddersfield
2018,英国,哈珀亚当斯大学,Harper Adams University
2018,英国,利物浦约翰摩尔斯大学,Liverpool John Moores University
2018,英国,密德萨斯大学,Middlesex University
2018,英国,谢菲尔德哈伦大学,Sheffield Hallam University
2018,约旦,约旦科技大学,Jordan University of Science and Technology
2018,越南,胡志明市国家大学,Vietnam National University - Ho Chi Minh City (VNU-HCM)
2018,越南,越南河内国家大学,"Vietnam National University, Hanoi"
2018,智利,阿尔伯托·赫塔多大学,Universidad Alberto Hurtado
2018,智利,塔尔卡大学,Universidad de Talca
2018,中国澳门,旅游学院,Institute for Tourism Studies
2018,中国台湾,国立台北大学,National Taipei University
2018,中国香港,香港演艺学院,Hong Kong Academy of Performing Arts
2019,埃及,曼苏尔大学,Mansoura University
2019,爱沙尼亚,塔林理工大学,Tallinn University of Technology (TalTech)
2019,巴基斯坦,巴基斯坦工程与应用科学学院,Pakistan Institute of Engineering and Applied Sciences (PIEAS)
2019,巴西,佩洛塔斯联邦大学,Universidade Federal de Pelotas
2019,波多黎各,波多黎各大学,Universidad de Puerto Rico
2019,俄罗斯,俄罗斯友谊大学,RUDN University
2019,俄罗斯,圣彼得堡欧洲大学,European University at St Petersburg
2019,法国,特鲁瓦工程技术大学,"Université de Technologie, Troyes (UTT)"
2019,法国,阿基坦大学与科研机构共同体大学,Communaute d'Universites et Etablissements d'Aquitaine (ComUE)
2019,法国,巴黎东大,Universite Paris-Est (ComUE)
2019,法国,巴黎萨克雷大学,Universite Paris Saclay (ComUE)
2019,法国,勃艮第-弗朗什孔泰大学,Universite Bourgogne Franche-Comte (ComUE)
2019,法国,大西洋国立高等矿业电信学校,IMT Atlantique
2019,法国,法国北部里尔大学,Universite Lille-Nord-deFrance (ComUE)
2019,法国,国立高等美术学校,"École Nationale Supérieure des Beaux-Arts, Paris"
2019,法国,朗多克鲁西永大学,Languedoc-Roussillon Universites (ComUE)
2019,法国,里昂大学,Universite de Lyon (ComUE)
2019,法国,蒙波利埃第三大学,Université de Montpellier
2019,法国,索邦巴黎西岱大学,Universite Sorbonne Paris Cite-USPC (ComUE)
2019,法国,索邦大学,Sorbonne University
2019,法国,北方高等商学院,EDHEC Business School
2019,哥伦比亚,EAFIT大学,Universidad EAFIT
2019,哈萨克斯坦,奥埃佐夫南哈萨克斯坦国立大学,Auezov South Kazakhstan State University (SKSU)
2019,荷兰,阿姆斯特丹艺术学校,Amsterdam School of the Arts
2019,荷兰,马斯特里赫特管理学院,Maastricht School of Management
2019,荷兰,伊拉兹马斯经济学院,Erasmus School of Economics
2019,加拿大,安大略艺术与设计大学,OCAD University
2019,捷克共和国,布尔诺孟德尔大学,Mendel University in Brno
2019,捷克共和国,布拉格化学技术学院,"University of Chemistry and Technology, Prague"
2019,捷克共和国,布拉格艺术、建筑与设计学院,"Academy of Arts, Architecture and Design Prague"
2019,捷克共和国,捷克生命科学大学,Czech University of Life Sciences in Prague
2019,罗马尼亚,乔治·埃内斯库国家艺术大学,University of Arts George Enescu Iasi
2019,马来西亚,思特雅大学,UCSI University
2019,美国,阿尔弗雷德大学纽约州立陶瓷学院,New York State College of Ceramics at Alfred University
2019,美国,阿拉巴马大学亨茨维尔分校,University of Alabama in Huntsville
2019,美国,伯克利学院,Berkeley College
2019,美国,加利大学-默塞德,"University of California, Merced"
2019,美国,密西西比州立大学,Mississippi State University
2019,美国,缅因大学-奥罗诺,University of Maine
2019,美国,圣地亚哥大学,University of San Diego
2019,美国,斯克利普斯研究所,The Scripps Research Institute (TSRI)
2019,美国,新墨西哥矿业技术学院,New Mexico Institute of Mining and Technology
2019,墨西哥,墨西哥学院大学,"El Colegio de México, A.C."
2019,挪威,奥斯陆建筑学院,Oslo School of Architecture
2019,日本,帝京大学,Teikyo University
2019,日本,名古屋城市大学,Nagoya City University
2019,日本,名古屋技术学院,Nagoya Institute of Technology (NIT)
2019,日本,藤田医科大学,Fujita Health University
2019,瑞士,伯尔尼-苏黎世兽医学院,Vetsuisse Faculty Bern and Zurich
2019,沙特阿拉伯,费萨尔国王大学,Alfaisal University
2019,坦桑尼亚,达累斯萨拉姆大学,University of Dar es Salaam
2019,委内瑞拉,西蒙·玻利瓦尔大学,Universidad Simón Bolívar (USB)
2019,文莱,文莱科技大学,Universiti Teknologi Brunei
2019,乌克兰,基辅国立语言大学,Kiev National Linguistics University
2019,西班牙,巴塞罗那大学酒店管理学院,"University College of Hospitality Management Sant Pol de Mar, Barcelona"
2019,西班牙,拉曼·鲁尔大学,Universitat Ramon Llull
2019,西班牙,维戈大学,Universidade de Vigo
2019,匈牙利,圣伊斯特万大学,Szent István University Göd öllő
2019,意大利,国际社会科学自由大学,LUISS University
2019,意大利,欧洲设计学院,IED Istituto Europeo di Design
2019,印度,贾米亚哈姆达,"Jamia Hamdard, New Delhi"
2019,印度,孟买化工学院,"Institute of Chemical Technology (UDCT), Mumbai"
2019,印度,圣加索瓦高等教育和研究学院,JSS Academy of Higher Education and Research
2019,印度,印度理工学院印多尔分校,Indian Institute of Technology Indore
2019,印度尼西亚,雅加达艺术学院,Jakarta Institute for the Arts
2019,英国,考文垂大学,Coventry University
2019,英国,西苏格兰大学,University of the West of Scotland
2019,约旦,约旦大学,University of Jordan
2019,智利,智利发展大学,University of Desarroll
2020,阿拉伯联合酋长国,哈里发科技大学,Khalifa University of Science and Technology
2020,阿拉伯联合酋长国,阿联酋酒店管理学院,The Emirates Academy of Hospitality Management (EAHM)
2020,埃及,阿斯旺大学,Aswan University
2020,埃及,艾斯尤特大学,Assiut University
2020,埃及,苏伊士运河大学,Suez Canal University
2020,爱沙尼亚,爱沙尼亚音乐和剧院学院,Estonian Academy of Music and Theatre
2020,奥地利,克拉根福大学,University of Klagenfurt
2020,澳大利亚,澳洲国立墨尔本大学维多利亚艺术学院,Victorian College of the Arts - University of Melbourne
2020,澳大利亚,蓝山国际酒店管理学院,Blue Mountains International Hotel Management School (BMIHMS)
2020,巴基斯坦,旁遮普大学,University of the Punjab
2020,比利时,弗拉瑞克商学院,Vlerick Business School
2020,波兰,波兹南理工大学,Poznań University of Technology
2020,波兰,波兹南生命科学大学,Poznan University of Life Sciences
2020,波兰,波兰科学学院,Polish Academy of Sciences
2020,德国,伍珀塔尔大学,University of Wuppertal
2020,德国,凯泽斯劳滕工业大学,Technische Universität Kaiserslautern
2020,德国,伊尔默瑙工业大学,Technische Universität Ilmenau
2020,德国,欧洲商学院,EBS Business School
2020,俄罗斯,圣彼得堡国立技术学院（技术大学）,Saint Petersburg State Polytechnic University
2020,俄罗斯,莫斯科大剧院芭蕾舞学院,Moscow State Academy of Choreography (The Bolshoi Ballet Academy)
2020,俄罗斯,俄罗斯国立医科大学,Pirogov Russian National Research Medical University (RNRMU)
2020,俄罗斯,俄罗斯普列汉诺夫经济大学,Plekhanov Russian University of Economics
2020,法国,巴黎大学（2019年成立）,University of Paris
2020,法国,圣埃蒂安国立高等矿业学校,École des Mines de Saint-Étienne
2020,法国,社会科学高等学院,Ecole des Hautes Etudes en Sciences Sociales
2020,法国,法国国立高等装饰艺术学院,Ecole Nationale Supérieure des Arts Décoratifs (ENSAD)
2020,法国,里尔中央理工学院,École Centrale de Lille
2020,法国,瓦岱勒国际酒店与旅游管理商学院,"Vatel, Hotel and Tourism Business School"
2020,菲律宾,圣多默大学,University of Santo Tomas
2020,哥伦比亚,山谷大学,Universidad del Valle
2020,古巴,哈瓦那大学,Universidad de La Habana
2020,荷兰,荷兰海牙酒店管理学院,Hotel School The Hague
2020,加拿大,温莎大学,University of Windsor
2020,加拿大,新不伦瑞克大学,University of New Brunswick
2020,加拿大,南阿尔伯特理工学院旅游与酒店管理学院,SAIT Polytechnic - School of Hospitality and Tourism
2020,加拿大,布鲁克大学,Brock University
2020,捷克共和国,捷克布杰约维采南波西米亚大学,University of South Bohemia
2020,卡塔尔,德克萨斯农工大学卡塔尔分校,Texas A&M University at Qatar
2020,科威特,科威特大学,Kuwait University
2020,黎巴嫩,黎巴嫩美国大学,Lebanese American University
2020,立陶宛,考纳斯理工大学,Kaunas University of Technology
2020,立陶宛,米科拉斯·罗梅里斯大学,Mykolas Romeris University
2020,罗马尼亚,克卢日·纳波卡理工大学,Technical University of Cluj-Napoca
2020,罗马尼亚,蒂米什瓦拉罗理工大学,"University Politehnica of Timisoara, UPT"
2020,罗马尼亚,克卢日·纳波卡农业与兽医大学,University of Agricultural Sciences and Veterinary Medicine Cluj-Napoca
2020,罗马尼亚,律路哈蒂耶加努医药大学,Iuliu Hatieganu University of Medicine and Pharmacy
2020,美国,佛罗里达技术学院,Florida Institute of Technology
2020,美国,加利福尼亚州立大学弗雷斯诺分校,California State University--Fresno
2020,美国,纽约城市大学研究生院,CUNY Graduate School and University Center
2020,美国,威斯康星大学密尔沃基分校,University of Wisconsin - Milwaukee
2020,美国,诺瓦东南大学,Nova Southeastern University
2020,美国,密苏里大学-圣路易斯,University of Missouri-St Louis
2020,美国,美国天主教大学,The Catholic University of America
2020,美国,新泽西理工大学,New Jersey Institute of Technology (NJIT)
2020,美国,北卡罗来纳大学夏洛特分校,University of North Carolina at Charlotte
2020,美国,密苏里科技大学,Missouri University of Science and Technology
2020,美国,北卡罗来纳大学格林斯堡分校,University of North Carolina at Greensboro
2020,美国,德克萨斯基督教大学,Texas Christian University
2020,孟加拉国,孟加拉工程技术大学,Bangladesh University of Engineering and Technology
2020,墨西哥,蒙特雷技术大学,Tecnológico de Monterrey
2020,南非,南非自由州大学,University of the Free State
2020,尼日利亚,科文纳特大学,Covenant University
2020,葡萄牙,葡萄牙天主教大学,Catholic University of Portugal
2020,葡萄牙,里斯本大学学院,ISCTE-IUL
2020,日本,产业医科大学,"University of Occupational and Environmental Health, Japan"
2020,日本,东京外国语大学,Tokyo University of Foreign Studies
2020,日本,关西学院大学,Kwansei Gakuin University
2020,日本,立命馆大学,Ritsumeikan University
2020,日本,北陆先端科学技术大学院大学,Japan Advanced Institute of Science and Technology
2020,日本,爱媛大学,Ehime University
2020,日本,岛根大学,Shimane University
2020,瑞士,蒙特酒店管理学校,Hotel Institute Montreux
2020,瑞士,瑞士凯撒里兹酒店管理大学,César Ritz Colleges Switzerland
2020,瑞士,瑞士纳沙泰尔酒店管理大学,IHTTI School of Hotel Management
2020,瑞士,瑞士厨艺管理大学,Culinary Arts Academy Switzerland
2020,瑞士,瑞士工商酒店管理学院,Business and Hotel Management School
2020,斯里兰卡,康提佩拉德尼亚大学,University of Peradeniya
2020,泰国,国王科技大学-北曼谷,King Mongkut's University of Technology North Bangkok
2020,土耳其,詹卡亚大学,Cankaya University
2020,土耳其,伊尔第兹斯理工大学,Yildiz Technical University
2020,乌克兰,乌克兰国家理工大学,"National Technical University of Ukraine ""Igor Sikorsky Kyiv Polytechnic Institute"""
2020,西班牙,巴利阿里群岛大学,University of the Balearic Islands
2020,西班牙,科米利亚斯主教大学,Universidad Pontificia Comillas
2020,西班牙,穆尔西亚大学,University of Murcia
2020,西班牙,巴塞罗那经济学研究生院,Barcelona Graduate School of Economics
2020,西班牙,德乌斯比大学,University of Deusto
2020,西班牙,雷赫士旅馆管理学院西班牙马贝拉,Les Roches Marbella
2020,新加坡,新加坡科技设计大学,Singapore University of Technology and Design
2020,新加坡,新加坡管理学院,Singapore Institute of Management
2020,伊朗,亚苏季大学,Yasouj University
2020,伊朗,设拉子大学,Shiraz University
2020,伊朗,伊斯法罕理工大学,Isfahan University of Technology
2020,意大利,国际社会科学自由大学,Luiss University
2020,印度,印度理工学院罗巴尔校区,Indian Institute of Technology Ropar
2020,印度,国际信息技术研究所海得拉巴,International Institute of Information Technology - Hyderabad (IIIT-H)
2020,印度,博拉理工学院,"Birla Institute of Technology and Science, Pilani"
2020,印度,韦洛尔理工大学,Vellore Institute of Technology (VIT)
2020,印度,阿里格尔穆斯林大学,Aligarh Muslim University
2020,印度,提尔塔阿玉酒店农业大学,Tamil Nadu Agricultural University
2020,印度,全印医科大学,All India Institute of Medical Sciences
2020,印度,印度管理研究所-勒克瑙,Indian Institute of Management (IIM) - Lucknow
2020,印度,共生博雅学校,Symbiosis International (Deemed University)
2020,印度,英吉拉·,甘地发展研究所 Indira Gandhi Institute of Development and Research
2020,英国,伯明翰城市大学,Birmingham City University
2020,英国,皇家北方音乐学院,Royal Northern College of Music (RNCM)
2020,英国,林肯大学,University of Lincoln
2020,越南,河内科技大学,Hanoi University of Science and Technology
2020,智利,塔拉帕卡大学,Universidad de Tarapaca
2020,中国澳门,澳门科技大学,Macau University of Science and Technology
2020,中国台湾,实践大学,Shih Chien University
